id,first_name,last_name,email,gender,salary,date,year
1,Cathlene,Dregan,cdregan0@booking.com,Female,$18224.63,28-07-2024,2024
2,Saxe,Ranyard,sranyard1@fema.gov,Male,$17764.71,03-01-2024,2024
3,Haydon,Skeleton,hskeleton2@cnbc.com,Male,$16279.83,21-11-2024,2024
4,Vladimir,Farncomb,vfarncomb3@lycos.com,Male,$18899.51,28-03-2024,2024
5,Aline,Dragonette,adragonette4@reddit.com,Female,$13116.75,19-10-2024,2024
6,Karyn,O'Doherty,kodoherty5@mac.com,Female,$19292.43,15-05-2024,2024
7,Anatollo,Blade,ablade6@usda.gov,Polygender,$10055.66,02-10-2024,2024
8,Jimmie,Lang,jlang7@google.nl,Male,$14782.40,30-07-2024,2024
9,Arvin,Kiltie,akiltie8@mapy.cz,Male,$17842.81,12-01-2024,2024
10,Yard,Pollock,ypollock9@nytimes.com,Male,$15154.61,29-04-2024,2024
11,Homere,Smaleman,hsmalemana@fema.gov,Male,$16693.52,01-06-2024,2024
12,Jamil,Priestnall,jpriestnallb@cisco.com,Male,$18455.27,24-02-2024,2024
13,Jozef,Ballay,jballayc@youku.com,Male,$15421.22,11-10-2024,2024
14,Cullin,Matyas,cmatyasd@apache.org,Genderfluid,$12004.58,12-07-2024,2024
15,Hymie,Woolam,hwoolame@wired.com,Male,$16226.86,13-06-2024,2024
16,Beniamino,Marten,bmartenf@ning.com,Male,$14588.19,24-04-2024,2024
17,Sherman,Tall,stallg@google.ca,Polygender,$19330.97,17-03-2024,2024
18,Daisi,Hopkyns,dhopkynsh@weebly.com,Female,$12985.01,08-03-2024,2024
19,Susi,Flaune,sflaunei@gizmodo.com,Female,$13470.57,08-09-2024,2024
20,Parry,Dreigher,pdreigherj@tinypic.com,Male,$12113.06,24-11-2024,2024
21,Allix,Phoenix,aphoenixk@washingtonpost.com,Female,$14187.22,19-10-2024,2024
22,Tris,Peeke-Vout,tpeekevoutl@ameblo.jp,Male,$10154.34,21-06-2024,2024
23,Menard,Moreinu,mmoreinum@kickstarter.com,Male,$10386.91,22-08-2024,2024
24,Hershel,Cardinal,hcardinaln@webnode.com,Genderqueer,$16445.15,06-07-2024,2024
25,Lucille,Pimer,lpimero@mashable.com,Polygender,$19051.38,13-11-2024,2024
